<?xml version="1.0" encoding="UTF-8"?>
<map version="1.4" tiledversion="1.4.2" orientation="orthogonal" renderorder="left-up" width="16" height="10" tilewidth="16" tileheight="16" infinite="0" backgroundcolor="#1a112e" nextlayerid="4" nextobjectid="1">
 <editorsettings>
  <export target="tilemap.xml" format="tmx"/>
 </editorsettings>
 <tileset firstgid="1" source="tileset_meta.xml"/>
 <layer id="1" name="Background" width="16" height="10">
  <properties>
   <property name="LayerType" type="int" value="0"/>
  </properties>
  <data encoding="csv">
0,0,0,0,0,0,0,0,0,0,0,0,0,0,0,0,
0,0,0,0,0,0,0,0,0,0,0,0,0,0,0,0,
0,0,0,0,0,0,0,0,0,0,0,0,0,0,0,0,
0,0,0,0,0,0,0,0,0,0,0,0,0,0,0,0,
0,0,0,0,0,0,0,0,0,0,0,0,0,0,0,0,
0,0,0,0,0,0,0,0,0,0,0,0,0,0,0,0,
0,0,0,0,0,0,0,0,0,0,0,0,0,0,0,0,
0,0,0,0,0,0,0,0,0,0,0,0,0,0,0,0,
0,0,0,0,0,0,0,0,0,0,0,0,0,0,0,0,
0,0,0,0,0,0,0,0,0,0,0,0,0,0,0,0,
</data>
 </layer>
 <layer id="2" name="Static" width="16" height="10">
  <properties>
   <property name="LayerType" type="int" value="1"/>
  </properties>
  <data encoding="csv">
27,0,0,0,0,0,0,0,0,0,0,0,0,0,0,25,
27,0,0,0,0,0,0,0,0,0,0,0,0,0,0,25,
27,0,0,0,0,0,0,0,0,0,0,0,0,0,0,25,
27,0,0,0,0,0,0,0,0,0,0,0,0,0,0,25,
27,0,0,0,0,0,0,0,36,17,17,17,35,0,0,25,
27,0,0,0,0,0,0,36,34,0,0,0,33,35,0,25,
33,17,18,0,0,0,36,34,0,0,0,0,0,33,17,34,
0,0,27,0,0,36,34,0,0,0,0,0,0,0,0,0,
0,0,27,0,16,34,0,0,0,0,0,0,0,0,0,0,
0,0,33,17,34,0,0,0,0,0,0,0,0,0,0,0,
</data>
 </layer>
 <layer id="3" name="Dynamic" width="16" height="10">
  <properties>
   <property name="LayerType" type="int" value="2"/>
  </properties>
  <data encoding="csv">
0,0,0,0,0,0,0,0,0,0,0,0,0,0,0,0,
0,0,0,0,0,0,0,0,0,0,0,0,0,0,0,0,
0,0,0,0,0,0,0,0,0,0,0,0,0,0,37,0,
0,0,0,0,0,0,0,0,0,0,0,0,0,0,0,0,
0,0,0,0,0,0,0,0,0,0,0,0,0,0,0,0,
0,0,41,0,0,0,0,0,0,0,0,0,0,0,0,0,
0,0,0,0,0,0,0,0,0,0,0,0,0,0,0,0,
0,0,0,0,0,0,0,0,0,0,0,0,0,0,0,0,
0,0,0,29,0,0,0,0,0,0,0,0,0,0,0,0,
0,0,0,0,0,0,0,0,0,0,0,0,0,0,0,0,
</data>
 </layer>
</map>
